﻿<?xml version="1.0" encoding="UTF-8" standalone="yes"?>
<addon id="repository.kodi.hps" name="Harshit's Add-on Repository" version="0.0.2" provider-name="Harshit Sanghvi">
	<extension point="xbmc.addon.repository" name="Harshit's Add-on Repository">
		<info compressed="false">http://raw.github.com/sanghviharshit/repository.kodi.hps/blob/master/addons.xml</info>
		<checksum>http://raw.github.com/sanghviharshit/repository.kodi.hps/blob/master/addons.xml.md5</checksum>
		<datadir zip="true">http://raw.github.com/sanghviharshit/repository.kodi.hps/blob/master/repo/</datadir>
	</extension>
	<extension point="xbmc.addon.metadata">
		<summary>Harshit's Add-on Repository</summary>
		<description>Repository of Addons by Harshit</description>
		<disclaimer></disclaimer>
		<platform>all</platform>
	</extension>
</addon>